"Tipo";"URL";"URLImagem";"Arquivo"
"Pagina";"https://anfitriao-picarras.com.br/";"";"index.astro"
"Pagina";"https://anfitriao-picarras.com.br/servicos/";"";"servicos.astro"
"Pagina";"https://anfitriao-picarras.com.br/sobrenos/";"";"sobrenos.astro"
"Pagina";"https://anfitriao-picarras.com.br/anuncie-seu-imovel/";"";"anuncie-seu-imovel.astro"
"Pagina";"https://anfitriao-picarras.com.br/airbnb-picarras/";"";"airbnb-picarras.astro"
"Blog";"https://anfitriao-picarras.com.br/blog/10-dicas-essenciais-para-comprar-uma-casa-de-ferias-fora-do-estado/";"https://anfitriao-picarras.com.br/images/blog/10-dicas-casa-ferias-fora-estado.png";"10-dicas-essenciais-para-comprar-uma-casa-de-ferias-fora-do-estado.md"
"Blog";"https://anfitriao-picarras.com.br/blog/4-motivos-para-comprar-uma-casa-de-ferias/";"https://anfitriao-picarras.com.br/images/blog/4-motivos-comprar-casa-ferias.png";"4-motivos-para-comprar-uma-casa-de-ferias.md"
"Blog";"https://anfitriao-picarras.com.br/blog/5-atracoes-na-cidade-vizinha-de-penha-para-conhecer-em-1-dia/";"https://anfitriao-picarras.com.br/images/blog/atracoes-penha.jpg";"5-atracoes-na-cidade-vizinha-de-penha-para-conhecer-em-1-dia.md"
"Blog";"https://anfitriao-picarras.com.br/blog/5-cafes-charmosos-em-balneario-picarras-para-conhecer-a-tarde/";"https://anfitriao-picarras.com.br/images/blog/5-cafes-charmosos-em-balneario-picarras-para-conhecer-a-tarde.avif";"5-cafes-charmosos-em-balneario-picarras-para-conhecer-a-tarde.md"
"Blog";"https://anfitriao-picarras.com.br/blog/5-dicas-essenciais-para-fotos-de-imoveis-de-temporada/";"https://anfitriao-picarras.com.br/images/blog/picarras-2.avif";"5-dicas-essenciais-para-fotos-de-imoveis-de-temporada.md"
"Blog";"https://anfitriao-picarras.com.br/blog/5-erros-que-todo-iniciante-no-airbnb-comete-e-como-evitar-se-voce-quer-ser-um-anfitriao-de-temporada-em-picarras/";"https://anfitriao-picarras.com.br/images/blog/5-erros-que-todo-iniciante-no-airbnb-comete-e-como-evitar-se-voce-quer-ser-um-anfitriao-de-temporada-em-picarras.avif";"5-erros-que-todo-iniciante-no-airbnb-comete-e-como-evitar-se-voce-quer-ser-um-anfitriao-de-temporada-em-picarras.md"
"Blog";"https://anfitriao-picarras.com.br/blog/5-itens-essenciais-para-montar-um-imovel-de-airbnb/";"https://anfitriao-picarras.com.br/images/blog/5-itens-essenciais-para-montar-um-imovel-de-airbnb.avif";"5-itens-essenciais-para-montar-um-imovel-de-airbnb.md"
"Blog";"https://anfitriao-picarras.com.br/blog/7-dicas-de-fotografia-para-seu-imovel-no-airbnb-em-picarras/";"https://anfitriao-picarras.com.br/images/blog/fotografia-airbnb-dicas.avif";"7-dicas-de-fotografia-para-seu-imovel-no-airbnb-em-picarras.md"
"Blog";"https://anfitriao-picarras.com.br/blog/7-razoes-para-escolher-um-aluguel-de-temporada-para-sua-viagem-para-picarras/";"https://anfitriao-picarras.com.br/images/blog/7-razoes-para-escolher-um-aluguel-de-temporada-para-sua-viagem-para-picarras.avif";"7-razoes-para-escolher-um-aluguel-de-temporada-para-sua-viagem-para-picarras.md"
"Blog";"https://anfitriao-picarras.com.br/blog/aceitar-animais-de-estimacao-pode-aumentar-sua-renda/";"https://anfitriao-picarras.com.br/images/blog/aceitar-animais-de-estimacao-pode-aumentar-sua-renda.avif";"aceitar-animais-de-estimacao-pode-aumentar-sua-renda.md"
"Blog";"https://anfitriao-picarras.com.br/blog/aceite-animais-de-estimacao-e-lucre-mais-com-aluguel-por-temporada/";"https://anfitriao-picarras.com.br/images/blog/pet.avif";"aceite-animais-de-estimacao-e-lucre-mais-com-aluguel-por-temporada.md"
"Blog";"https://anfitriao-picarras.com.br/blog/administracao-airbnb-em-balneario-picarras/";"https://anfitriao-picarras.com.br/images/blog/administracao-airbnb-em-balneario-picarras.avif";"administracao-airbnb-em-balneario-picarras.md"
"Blog";"https://anfitriao-picarras.com.br/blog/a-historia-de-balneario-picarras-de-vila-de-pescadores-a-sucesso-imobiliario/";"https://anfitriao-picarras.com.br/images/blog/a-historia-de-balneario-picarras-de-vila-de-pescadores-a-sucesso-imobiliario.avif";"a-historia-de-balneario-picarras-de-vila-de-pescadores-a-sucesso-imobiliario.md"
"Blog";"https://anfitriao-picarras.com.br/blog/ahoy-marujos-embarquem-em-uma-aventura-inesquecivel-no-passeio-de-barco-pirata-em-picarras/";"https://anfitriao-picarras.com.br/images/blog/Pirata-1.avif";"ahoy-marujos-embarquem-em-uma-aventura-inesquecivel-no-passeio-de-barco-pirata-em-picarras.md"
"Blog";"https://anfitriao-picarras.com.br/blog/a-importancia-da-foto-no-aluguel-de-temporada/";"https://anfitriao-picarras.com.br/images/blog/Como-Alugar-Seu-Imovel-em-Picarras-e-Atrair-Mais-Turistas.avif";"a-importancia-da-foto-no-aluguel-de-temporada.md"
"Blog";"https://anfitriao-picarras.com.br/blog/airbnb-anfitriao/";"https://anfitriao-picarras.com.br/images/blog/Guia-Completo-para-Ser-um-Anfitriao-de-Sucesso-em-Picarras-1-1.avif";"airbnb-anfitriao.md"
"Blog";"https://anfitriao-picarras.com.br/blog/airbnb-descomplicado/";"https://anfitriao-picarras.com.br/images/blog/airbnb-descomplicado.avif";"airbnb-descomplicado.md"
"Blog";"https://anfitriao-picarras.com.br/blog/airbnb-o-que-e/";"https://anfitriao-picarras.com.br/images/blog/airbnb-o-que-e.avif";"airbnb-o-que-e.md"
"Blog";"https://anfitriao-picarras.com.br/blog/airbnb-o-que-e-como-funciona-e-como-comecar-a-usar/";"https://anfitriao-picarras.com.br/images/blog/airbnb-o-que-e-como-funciona-e-como-comecar-a-usar.avif";"airbnb-o-que-e-como-funciona-e-como-comecar-a-usar.md"
"Blog";"https://anfitriao-picarras.com.br/blog/airbnb-picarras/";"https://anfitriao-picarras.com.br/images/blog/8-feed.avif";"airbnb-picarras.md"
"Blog";"https://anfitriao-picarras.com.br/blog/airbnb-picarras-guia/";"https://anfitriao-picarras.com.br/images/airbnb_picarras_hero.png";"airbnb-picarras-guia.md"
"Blog";"https://anfitriao-picarras.com.br/blog/aircover-para-anfitrioes/";"https://anfitriao-picarras.com.br/images/blog/aircover-para-anfitrioes.avif";"aircover-para-anfitrioes.md"
"Blog";"https://anfitriao-picarras.com.br/blog/alugar-no-airbnb-guia-completo/";"https://anfitriao-picarras.com.br/images/blog/pig-picarras.avif";"alugar-no-airbnb-guia-completo.md"
"Blog";"https://anfitriao-picarras.com.br/blog/alugar-seu-imovel-ou-desfrutar/";"https://anfitriao-picarras.com.br/images/blog/unsplash-photo-1560185009-5bf9f3cd1bd8.avif";"alugar-seu-imovel-ou-desfrutar.md"
"Blog";"https://anfitriao-picarras.com.br/blog/aluga-se-um-paraiso-em-picarras/";"https://anfitriao-picarras.com.br/images/blog/picarras-1.avif";"aluga-se-um-paraiso-em-picarras.md"
"Blog";"https://anfitriao-picarras.com.br/blog/alugue-apenas-quando-quiser-o-imovel-e-seu/";"https://anfitriao-picarras.com.br/images/blog/alugue-quando-quiser.avif";"alugue-apenas-quando-quiser-o-imovel-e-seu.md"
"Blog";"https://anfitriao-picarras.com.br/blog/aluguel-balneario-picarras-no-airbnb/";"https://anfitriao-picarras.com.br/images/blog/Bal-picarras.avif";"aluguel-balneario-picarras-no-airbnb.md"
"Blog";"https://anfitriao-picarras.com.br/blog/aluguel-de-airbnb-picarras/";"https://anfitriao-picarras.com.br/images/blog/airbnb-o-que-e.avif";"aluguel-de-airbnb-picarras.md"
"Blog";"https://anfitriao-picarras.com.br/blog/aluguel-de-inverno-em-picarras/";"https://anfitriao-picarras.com.br/images/airbnb_picarras_hero.png";"aluguel-de-inverno-em-picarras.md"
"Blog";"https://anfitriao-picarras.com.br/blog/aluguel-de-temporada-a-melhor-escolha-para-viagens-confortaveis-e-seguras/";"https://anfitriao-picarras.com.br/images/blog/aluguel-de-temporada-a-melhor-escolha-para-viagens-confortaveis-e-seguras.avif";"aluguel-de-temporada-a-melhor-escolha-para-viagens-confortaveis-e-seguras.md"
"Blog";"https://anfitriao-picarras.com.br/blog/aluguel-de-temporada-a-melhor-escolha-para-viagens-em-familia/";"https://anfitriao-picarras.com.br/images/blog/familia.avif";"aluguel-de-temporada-a-melhor-escolha-para-viagens-em-familia.md"
"Blog";"https://anfitriao-picarras.com.br/blog/aluguel-de-temporada-como-maximizar-seus-ganhos-como-proprietario-de-imoveis/";"https://anfitriao-picarras.com.br/images/blog/aluguel-de-temporada-como-maximizar-seus-ganhos-como-proprietario-de-imoveis.avif";"aluguel-de-temporada-como-maximizar-seus-ganhos-como-proprietario-de-imoveis.md"
"Blog";"https://anfitriao-picarras.com.br/blog/aluguel-de-temporada-descubra-as-propriedades-mais-exclusivas-em-balneario-picarras/";"https://anfitriao-picarras.com.br/images/blog/3-feed.avif";"aluguel-de-temporada-descubra-as-propriedades-mais-exclusivas-em-balneario-picarras.md"
"Blog";"https://anfitriao-picarras.com.br/blog/aluguel-de-temporada-dicas-para-encontrar-hospedagens-proximas-a-atividades-ao-ar-livre/";"https://anfitriao-picarras.com.br/images/blog/5-1.avif";"aluguel-de-temporada-dicas-para-encontrar-hospedagens-proximas-a-atividades-ao-ar-livre.md"
"Blog";"https://anfitriao-picarras.com.br/blog/aluguel-de-temporada-em-balneario-picarras-guia-completo/";"https://anfitriao-picarras.com.br/images/blog/unsplash-photo-1541604193435-225878996aba.avif";"aluguel-de-temporada-em-balneario-picarras-guia-completo.md"
"Blog";"https://anfitriao-picarras.com.br/blog/aluguel-de-temporada-em-picarras-para-familias-grandes-dicas-praticas/";"https://anfitriao-picarras.com.br/images/blog/aluguel-de-temporada-em-picarras-para-familias-grandes-dicas-praticas.avif";"aluguel-de-temporada-em-picarras-para-familias-grandes-dicas-praticas.md"
"Blog";"https://anfitriao-picarras.com.br/blog/aluguel-de-temporada-proximo-ao-beto-carrero-world-como-escolher-a-melhor-opcao/";"https://anfitriao-picarras.com.br/images/blog/aluguel-de-temporada-proximo-ao-beto-carrero-world-como-escolher-a-melhor-opcao.avif";"aluguel-de-temporada-proximo-ao-beto-carrero-world-como-escolher-a-melhor-opcao.md"
"Blog";"https://anfitriao-picarras.com.br/blog/aluguel-de-verao-airbnb-picarras-guia-completo/";"https://anfitriao-picarras.com.br/images/blog/guia-aluguel-airbnb-picarras.avif";"aluguel-de-verao-airbnb-picarras-guia-completo.md"
"Blog";"https://anfitriao-picarras.com.br/blog/aluguel-de-verao-em-balneario-picarras-no-airbnb/";"https://anfitriao-picarras.com.br/images/blog/Anfitriao-picarras-4.avif";"aluguel-de-verao-em-balneario-picarras-no-airbnb.md"
"Blog";"https://anfitriao-picarras.com.br/blog/aluguel-de-verao-em-balneario-picarras-no-airbnb-o-guia-completo-para-encontrar-a-melhor-hospedagem/";"https://anfitriao-picarras.com.br/images/blog/Picarras2.avif";"aluguel-de-verao-em-balneario-picarras-no-airbnb-o-guia-completo-para-encontrar-a-melhor-hospedagem.md"
"Blog";"https://anfitriao-picarras.com.br/blog/aluguel-de-verao-picarras/";"https://anfitriao-picarras.com.br/images/airbnb_picarras_hero.png";"aluguel-de-verao-picarras.md"
"Blog";"https://anfitriao-picarras.com.br/blog/aluguel-por-temporada-em-picarras-como-maximizar-seus-lucros/";"https://anfitriao-picarras.com.br/images/blog/Como-Maximizar-Seus-Lucros.avif";"aluguel-por-temporada-em-picarras-como-maximizar-seus-lucros.md"
"Blog";"https://anfitriao-picarras.com.br/blog/aluguel-temporada-balneario-picarras/";"https://anfitriao-picarras.com.br/images/airbnb_picarras_hero.png";"aluguel-temporada-balneario-picarras.md"
"Blog";"https://anfitriao-picarras.com.br/blog/aluguel-temporada-para-conhecer-santa-catarina/";"https://anfitriao-picarras.com.br/images/airbnb_picarras_hero.png";"aluguel-temporada-para-conhecer-santa-catarina.md"
"Blog";"https://anfitriao-picarras.com.br/blog/aluguel-temporada-picarras-fim-de-semana/";"https://anfitriao-picarras.com.br/images/airbnb_picarras_hero.png";"aluguel-temporada-picarras-fim-de-semana.md"
"Blog";"https://anfitriao-picarras.com.br/blog/aluguel-temporada-proximo-beto-carrero-world/";"https://anfitriao-picarras.com.br/images/airbnb_picarras_hero.png";"aluguel-temporada-proximo-beto-carrero-world.md"
"Blog";"https://anfitriao-picarras.com.br/blog/anfitriao-de-temporada/";"https://anfitriao-picarras.com.br/images/blog/Anfitriao-picarras.avif";"anfitriao-de-temporada.md"
"Blog";"https://anfitriao-picarras.com.br/blog/anfitriao-profissional-picarras/";"https://anfitriao-picarras.com.br/images/blog/anfitriao-profissional-picarras.avif";"anfitriao-profissional-picarras.md"
"Blog";"https://anfitriao-picarras.com.br/blog/a-origem-do-nome-picarras-uma-curiosidade-historica/";"https://anfitriao-picarras.com.br/images/blog/a-origem-do-nome-picarras-uma-curiosidade-historica.avif";"a-origem-do-nome-picarras-uma-curiosidade-historica.md"
"Blog";"https://anfitriao-picarras.com.br/blog/apartamentos-temporada-picarras-estacionamento/";"https://anfitriao-picarras.com.br/images/airbnb_picarras_hero.png";"apartamentos-temporada-picarras-estacionamento.md"
"Blog";"https://anfitriao-picarras.com.br/blog/artesanato-local-de-picarras-onde-comprar-lembrancinhas/";"https://anfitriao-picarras.com.br/images/blog/artesanato-local-de-picarras-onde-comprar-lembrancinhas.avif";"artesanato-local-de-picarras-onde-comprar-lembrancinhas.md"
"Blog";"https://anfitriao-picarras.com.br/blog/as-melhores-praias-de-balneario-picarras-para-conhecer-neste-verao/";"https://anfitriao-picarras.com.br/images/blog/as-melhores-praias-de-balneario-picarras-para-conhecer-neste-verao.avif";"as-melhores-praias-de-balneario-picarras-para-conhecer-neste-verao.md"
"Blog";"https://anfitriao-picarras.com.br/blog/aspectos-legais-aluguel-temporada-santa-catarina/";"https://anfitriao-picarras.com.br/images/blog/aspectos-legais-aluguel-temporada-santa-catarina.avif";"aspectos-legais-aluguel-temporada-santa-catarina.md"
"Blog";"https://anfitriao-picarras.com.br/blog/as-vantagens-de-se-hospedar-em-uma-casa-com-piscina/";"https://anfitriao-picarras.com.br/images/blog/unsplash-photo-1540339832862-4745191f4134.avif";"as-vantagens-de-se-hospedar-em-uma-casa-com-piscina.md"
"Blog";"https://anfitriao-picarras.com.br/blog/as-vantagens-do-aluguel-de-temporada-para-imovel-parado/";"https://anfitriao-picarras.com.br/images/blog/Guia-Completo-para-Ser-um-Anfitriao-de-Sucesso-em-Picarras-1-1.avif";"as-vantagens-do-aluguel-de-temporada-para-imovel-parado.md"
"Blog";"https://anfitriao-picarras.com.br/blog/atrair-hospedes/";"https://anfitriao-picarras.com.br/images/blog/Anfitriao-picarras-2.avif";"atrair-hospedes.md"
"Blog";"https://anfitriao-picarras.com.br/blog/atrair-hospedes-internacionais-balneario-picarras/";"https://anfitriao-picarras.com.br/images/blog/atrair-hospedes-internacionais-balneario-picarras.avif";"atrair-hospedes-internacionais-balneario-picarras.md"
"Blog";"https://anfitriao-picarras.com.br/blog/avaliacoes-5-estrelas-airbnb-balneario-picarras/";"https://anfitriao-picarras.com.br/images/blog/avaliacoes-5-estrelas-airbnb-balneario-picarras.avif";"avaliacoes-5-estrelas-airbnb-balneario-picarras.md"
"Blog";"https://anfitriao-picarras.com.br/blog/balneario-picarras-com-criancas-passeios/";"https://anfitriao-picarras.com.br/images/blog/picarras-com-criancas-passeios.avif";"balneario-picarras-com-criancas-passeios.md"
"Blog";"https://anfitriao-picarras.com.br/blog/balneario-picarras-e-uma-cidade-segura-taxas-de-criminalidade/";"https://anfitriao-picarras.com.br/images/blog/balneario-picarras-e-uma-cidade-segura-taxas-de-criminalidade.avif";"balneario-picarras-e-uma-cidade-segura-taxas-de-criminalidade.md"
"Blog";"https://anfitriao-picarras.com.br/blog/balneario-picarras-futuro-litoral-catarinense/";"https://anfitriao-picarras.com.br/images/blog/balneario-picarras-futuro-litoral-catarinense.avif";"balneario-picarras-futuro-litoral-catarinense.md"
"Blog";"https://anfitriao-picarras.com.br/blog/balneario-picarras-no-inverno-o-que-fazer-na-baixa-temporada/";"https://anfitriao-picarras.com.br/images/blog/balneario-picarras-no-inverno-o-que-fazer-na-baixa-temporada.avif";"balneario-picarras-no-inverno-o-que-fazer-na-baixa-temporada.md"
"Blog";"https://anfitriao-picarras.com.br/blog/balneario-picarras-ou-penha-qual-a-melhor-cidade/";"https://anfitriao-picarras.com.br/images/blog/picarras-ou-penha-viagem-para-sc.avif";"balneario-picarras-ou-penha-qual-a-melhor-cidade.md"
"Blog";"https://anfitriao-picarras.com.br/blog/balneario-picarras-um-paraiso-a-beira-mar-em-santa-catarina/";"https://anfitriao-picarras.com.br/images/blog/paraiso-beira-mar-picarras.avif";"balneario-picarras-um-paraiso-a-beira-mar-em-santa-catarina.md"
"Blog";"https://anfitriao-picarras.com.br/blog/balneario-picarras-verao-evitar-transito-filas/";"https://anfitriao-picarras.com.br/images/blog/evitar-transito-filas-balneario-picarras-verao.avif";"balneario-picarras-verao-evitar-transito-filas.md"
"Blog";"https://anfitriao-picarras.com.br/blog/barco-pirata-picarras/";"https://anfitriao-picarras.com.br/images/blog/barco-pirata-captain-jack.jpg";"barco-pirata-picarras.md"
"Blog";"https://anfitriao-picarras.com.br/blog/bares-e-barzinhos-em-balneario-picarras-onde-curtir-a-noite/";"https://anfitriao-picarras.com.br/images/blog/bares-e-barzinhos-em-balneario-picarras-onde-curtir-a-noite.avif";"bares-e-barzinhos-em-balneario-picarras-onde-curtir-a-noite.md"
"Blog";"https://anfitriao-picarras.com.br/blog/bares-e-pubs-em-balneario-picarras-vida-noturna/";"https://anfitriao-picarras.com.br/images/blog/bares-e-pubs-em-balneario-picarras-vida-noturna.avif";"bares-e-pubs-em-balneario-picarras-vida-noturna.md"
"Blog";"https://anfitriao-picarras.com.br/blog/beto-carrero-melhor-hospedagem-picarras/";"https://anfitriao-picarras.com.br/images/blog/beto-carrero-melhor-hospedagem-picarras.avif";"beto-carrero-melhor-hospedagem-picarras.md"
"Blog";"https://anfitriao-picarras.com.br/blog/beto-carrero-world/";"https://anfitriao-picarras.com.br/images/blog/tamanho-beto-carrero-world.avif";"beto-carrero-world.md"
"Blog";"https://anfitriao-picarras.com.br/blog/beto-carrero-world-diversao-garantida-para-todas-as-idades/";"https://anfitriao-picarras.com.br/images/blog/beto-carrero-world-penha.avif";"beto-carrero-world-diversao-garantida-para-todas-as-idades.md"
"Blog";"https://anfitriao-picarras.com.br/blog/cachacaria-vo-bertola-o-melhor-da-cachaca-artesanal-e-produtos-coloniais-em-balneario-picarras/";"https://anfitriao-picarras.com.br/images/blog/cachacaria-vo-bertola-o-melhor-da-cachaca-artesanal-e-produtos-coloniais-em-balneario-picarras.avif";"cachacaria-vo-bertola-o-melhor-da-cachaca-artesanal-e-produtos-coloniais-em-balneario-picarras.md"
"Blog";"https://anfitriao-picarras.com.br/blog/cafeterias-em-balneario-picarras-dicas/";"https://anfitriao-picarras.com.br/images/blog/cafeterias-em-balneario-picarras-dicas.avif";"cafeterias-em-balneario-picarras-dicas.md"
"Blog";"https://anfitriao-picarras.com.br/blog/casa-ou-apartamento-alugar-balneario-picarras/";"https://anfitriao-picarras.com.br/images/blog/casa-ou-apartamento-alugar-balneario-picarras.avif";"casa-ou-apartamento-alugar-balneario-picarras.md"
"Blog";"https://anfitriao-picarras.com.br/blog/casas-de-temporada-frente-ao-mar-em-balneario-picarras-como-escolher/";"https://anfitriao-picarras.com.br/images/blog/casas-de-temporada-frente-ao-mar-em-balneario-picarras-como-escolher.avif";"casas-de-temporada-frente-ao-mar-em-balneario-picarras-como-escolher.md"
"Blog";"https://anfitriao-picarras.com.br/blog/casas-para-alugar-perto-da-praia-em-picarras/";"https://anfitriao-picarras.com.br/images/airbnb_picarras_hero.png";"casas-para-alugar-perto-da-praia-em-picarras.md"
"Blog";"https://anfitriao-picarras.com.br/blog/challenge-rock-o-templo-do-rock-em-balneario-picarras/";"https://anfitriao-picarras.com.br/images/blog/challenge-rock-o-templo-do-rock-em-balneario-picarras.avif";"challenge-rock-o-templo-do-rock-em-balneario-picarras.md"
"Blog";"https://anfitriao-picarras.com.br/blog/checklist-checkin-checkout-imovel-temporada/";"https://anfitriao-picarras.com.br/images/blog/checklist-checkin-checkout-imovel-temporada.avif";"checklist-checkin-checkout-imovel-temporada.md"
"Blog";"https://anfitriao-picarras.com.br/blog/checklist-de-preparacao-para-alugar-no-airbnb-tudo-o-que-voce-precisa-saber/";"https://anfitriao-picarras.com.br/images/blog/checkelist.avif";"checklist-de-preparacao-para-alugar-no-airbnb-tudo-o-que-voce-precisa-saber.md"
"Blog";"https://anfitriao-picarras.com.br/blog/co-anfitriao-no-airbnb/";"https://anfitriao-picarras.com.br/images/blog/Guia-Completo-para-Ser-um-Anfitriao-de-Sucesso-em-Picarras-1-1.avif";"co-anfitriao-no-airbnb.md"
"Blog";"https://anfitriao-picarras.com.br/blog/co-anfitriao-no-airbnb-como-funciona-e-como-pode-ajudar-no-seu-aluguel-de-temporada/";"https://anfitriao-picarras.com.br/images/blog/co-anfitriao-no-airbnb-como-funciona-e-como-pode-ajudar-no-seu-aluguel-de-temporada.avif";"co-anfitriao-no-airbnb-como-funciona-e-como-pode-ajudar-no-seu-aluguel-de-temporada.md"
"Blog";"https://anfitriao-picarras.com.br/blog/comida-tipica-de-santa-catarina-onde-provar-em-picarras/";"https://anfitriao-picarras.com.br/images/blog/comida-tipica-santa-catarina-picarras.avif";"comida-tipica-de-santa-catarina-onde-provar-em-picarras.md"
"Blog";"https://anfitriao-picarras.com.br/blog/como-alugar-seu-imovel-em-picarras-e-atrair-mais-turistas/";"https://anfitriao-picarras.com.br/images/blog/Como-Alugar-Seu-Imovel-em-Picarras-e-Atrair-Mais-Turistas.avif";"como-alugar-seu-imovel-em-picarras-e-atrair-mais-turistas.md"
"Blog";"https://anfitriao-picarras.com.br/blog/como-alugar-sua-propriedade-no-airbnb-guia-completo/";"https://anfitriao-picarras.com.br/images/blog/ferias.avif";"como-alugar-sua-propriedade-no-airbnb-guia-completo.md"
"Blog";"https://anfitriao-picarras.com.br/blog/como-a-tecnologia-esta-transformando-a-gestao-de-imoveis-de-temporada-em-picarras/";"https://anfitriao-picarras.com.br/images/blog/Bal-picarras-1.avif";"como-a-tecnologia-esta-transformando-a-gestao-de-imoveis-de-temporada-em-picarras.md"
"Blog";"https://anfitriao-picarras.com.br/blog/como-atrair-mais-hospedes-para-seu-aluguel-de-temporada-em-picarras/";"https://anfitriao-picarras.com.br/images/blog/aluguel-de-temporada-a-melhor-escolha-para-viagens-confortaveis-e-seguras.avif";"como-atrair-mais-hospedes-para-seu-aluguel-de-temporada-em-picarras.md"
"Blog";"https://anfitriao-picarras.com.br/blog/como-aumentar-faturamento-airbnb-picarras/";"https://anfitriao-picarras.com.br/images/blog/como-aumentar-faturamento-airbnb-picarras.avif";"como-aumentar-faturamento-airbnb-picarras.md"
"Blog";"https://anfitriao-picarras.com.br/blog/como-chegar-a-balneario-picarras-guia-de-voos-onibus-e-rodovias/";"https://anfitriao-picarras.com.br/images/blog/como-chegar-a-balneario-picarras-guia-de-voos-onibus-e-rodovias.avif";"como-chegar-a-balneario-picarras-guia-de-voos-onibus-e-rodovias.md"
"Blog";"https://anfitriao-picarras.com.br/blog/como-chegar-em-balneario-picarras-transporte/";"https://anfitriao-picarras.com.br/images/blog/como-chegar-balneario-picarras-transporte.avif";"como-chegar-em-balneario-picarras-transporte.md"
"Blog";"https://anfitriao-picarras.com.br/blog/como-cuidar-da-limpeza-do-imovel-para-aluguel-de-temporada/";"https://anfitriao-picarras.com.br/images/blog/Guia-Completo-para-Ser-um-Anfitriao-de-Sucesso-em-Picarras-1-1.avif";"como-cuidar-da-limpeza-do-imovel-para-aluguel-de-temporada.md"
"Blog";"https://anfitriao-picarras.com.br/blog/como-decorar-a-cozinha-de-um-imovel-de-temporada/";"https://anfitriao-picarras.com.br/images/blog/como-decorar-a-cozinha-de-um-imovel-de-temporada.avif";"como-decorar-a-cozinha-de-um-imovel-de-temporada.md"
"Blog";"https://anfitriao-picarras.com.br/blog/como-e-morar-em-balneario-picarras-vantagens-e-qualidade-de-vida/";"https://anfitriao-picarras.com.br/images/blog/como-e-morar-em-balneario-picarras-vantagens-e-qualidade-de-vida.avif";"como-e-morar-em-balneario-picarras-vantagens-e-qualidade-de-vida.md"
"Blog";"https://anfitriao-picarras.com.br/blog/como-escolher-airbnb-perfeito-balneario-picarras/";"https://anfitriao-picarras.com.br/images/blog/escolher-airbnb-perfeito-balneario-picarras.avif";"como-escolher-airbnb-perfeito-balneario-picarras.md"
"Blog";"https://anfitriao-picarras.com.br/blog/como-escolher-o-airbnb-ideal-em-balneario-picarras-para-casais/";"https://anfitriao-picarras.com.br/images/blog/como-escolher-o-airbnb-ideal-em-balneario-picarras-para-casais.avif";"como-escolher-o-airbnb-ideal-em-balneario-picarras-para-casais.md"
"Blog";"https://anfitriao-picarras.com.br/blog/como-funciona-o-airbnb/";"https://anfitriao-picarras.com.br/images/blog/como-funciona-o-airbnb.avif";"como-funciona-o-airbnb.md"
"Blog";"https://anfitriao-picarras.com.br/blog/como-funciona-o-airbnb-entenda-o-conceito-e-beneficios/";"https://anfitriao-picarras.com.br/images/blog/alugar.avif";"como-funciona-o-airbnb-entenda-o-conceito-e-beneficios.md"
"Blog";"https://anfitriao-picarras.com.br/blog/como-funciona-o-aluguel-de-temporada-em-picarras/";"https://anfitriao-picarras.com.br/images/airbnb_picarras_hero.png";"como-funciona-o-aluguel-de-temporada-em-picarras.md"
"Blog";"https://anfitriao-picarras.com.br/blog/como-ganhar-dinheiro-com-aluguel-por-temporada-5-estrategias-essenciais-para-iniciantes/";"https://anfitriao-picarras.com.br/images/blog/como-ganhar-dinheiro-com-aluguel-por-temporada-5-estrategias-essenciais-para-iniciantes.avif";"como-ganhar-dinheiro-com-aluguel-por-temporada-5-estrategias-essenciais-para-iniciantes.md"
"Blog";"https://anfitriao-picarras.com.br/blog/como-investir-em-um-imovel-para-aluguel-de-temporada-em-picarras/";"https://anfitriao-picarras.com.br/images/blog/Guia-Completo-para-Ser-um-Anfitriao-de-Sucesso-em-Picarras-1-1.avif";"como-investir-em-um-imovel-para-aluguel-de-temporada-em-picarras.md"
"Blog";"https://anfitriao-picarras.com.br/blog/como-ir-de-balneario-picarras-ao-beto-carrero-world-guia-de-transporte/";"https://anfitriao-picarras.com.br/images/blog/como-ir-de-balneario-picarras-ao-beto-carrero-world-guia-de-transporte.avif";"como-ir-de-balneario-picarras-ao-beto-carrero-world-guia-de-transporte.md"
"Blog";"https://anfitriao-picarras.com.br/blog/como-melhorar-reservas-e-avaliacoes-em-alugueis-de-temporada-em-picarras/";"https://anfitriao-picarras.com.br/images/blog/como-melhorar-reservas-e-avaliacoes-em-alugueis-de-temporada-em-picarras.avif";"como-melhorar-reservas-e-avaliacoes-em-alugueis-de-temporada-em-picarras.md"
"Blog";"https://anfitriao-picarras.com.br/blog/como-precificar-imovel-temporada-balneario-picarras/";"https://anfitriao-picarras.com.br/images/blog/como-precificar-imovel-temporada-balneario-picarras.avif";"como-precificar-imovel-temporada-balneario-picarras.md"
"Blog";"https://anfitriao-picarras.com.br/blog/como-preparar-seu-imovel-de-temporada-para-o-inverno/";"https://anfitriao-picarras.com.br/images/blog/inverno-em-picarras.avif";"como-preparar-seu-imovel-de-temporada-para-o-inverno.md"
"Blog";"https://anfitriao-picarras.com.br/blog/como-receber-bem-seus-hospedes-em-alugueis-de-temporada/";"https://anfitriao-picarras.com.br/images/blog/picarras-3.avif";"como-receber-bem-seus-hospedes-em-alugueis-de-temporada.md"
"Blog";"https://anfitriao-picarras.com.br/blog/como-se-destacar-como-anfitriao-de-temporada-em-picarras-5-dicas-que-valem-ouro/";"https://anfitriao-picarras.com.br/images/blog/como-se-destacar-como-anfitriao-de-temporada-em-picarras-5-dicas-que-valem-ouro.avif";"como-se-destacar-como-anfitriao-de-temporada-em-picarras-5-dicas-que-valem-ouro.md"
"Blog";"https://anfitriao-picarras.com.br/blog/como-se-destacar-e-maximizar-seus-lucros/";"https://anfitriao-picarras.com.br/images/blog/Guia-Completo-para-Ser-um-Anfitriao-de-Sucesso-em-Picarras-1-1.avif";"como-se-destacar-e-maximizar-seus-lucros.md"
"Blog";"https://anfitriao-picarras.com.br/blog/como-ser-anfitriao-no-airbnb-e-ganhar-dinheiro-com-aluguel-de-temporada/";"https://anfitriao-picarras.com.br/images/blog/Guia-Completo-para-Ser-um-Anfitriao-de-Sucesso-em-Picarras-1-1.avif";"como-ser-anfitriao-no-airbnb-e-ganhar-dinheiro-com-aluguel-de-temporada.md"
"Blog";"https://anfitriao-picarras.com.br/blog/como-ser-anfitriao-no-airbnb-e-lucrar-com-aluguel-de-temporada/";"https://anfitriao-picarras.com.br/images/blog/Guia-Completo-para-Ser-um-Anfitriao-de-Sucesso-em-Picarras-1-1.avif";"como-ser-anfitriao-no-airbnb-e-lucrar-com-aluguel-de-temporada.md"
"Blog";"https://anfitriao-picarras.com.br/blog/como-ser-um-anfitriao-de-temporada-de-sucesso-em-picarras/";"https://anfitriao-picarras.com.br/images/blog/Anfitriao-picarras.avif";"como-ser-um-anfitriao-de-temporada-de-sucesso-em-picarras.md"
"Blog";"https://anfitriao-picarras.com.br/blog/como-se-tornar-um-anfitriao-no-airbnb-requisitos-e-dicas/";"https://anfitriao-picarras.com.br/images/blog/side-view-happy-woman-scaled.avif";"como-se-tornar-um-anfitriao-no-airbnb-requisitos-e-dicas.md"
"Blog";"https://anfitriao-picarras.com.br/blog/como-transformar-seu-imovel-de-temporada-em-picarras-em-um-investimento-lucrativo/";"https://anfitriao-picarras.com.br/images/blog/freepik__descubra-como-transformar-seu-imvel-de-temporada-e__8275.avif";"como-transformar-seu-imovel-de-temporada-em-picarras-em-um-investimento-lucrativo.md"
"Blog";"https://anfitriao-picarras.com.br/blog/conheca-as-melhores-praias-de-balneario-picarras-para-familias/";"https://anfitriao-picarras.com.br/images/blog/melhores-praias-balneario-picarras-familias.avif";"conheca-as-melhores-praias-de-balneario-picarras-para-familias.md"
"Blog";"https://anfitriao-picarras.com.br/blog/cuidados-essenciais-com-as-criancas-nas-praias-do-litoral-de-sc/";"https://anfitriao-picarras.com.br/images/blog/cuidados-essenciais-com-as-criancas-nas-praias-do-litoral-de-sc.avif";"cuidados-essenciais-com-as-criancas-nas-praias-do-litoral-de-sc.md"
"Blog";"https://anfitriao-picarras.com.br/blog/custo-de-vida-em-balneario-picarras-guia-completo-e-sincero/";"https://anfitriao-picarras.com.br/images/blog/custo-de-vida-em-balneario-picarras-guia-completo-e-sincero.avif";"custo-de-vida-em-balneario-picarras-guia-completo-e-sincero.md"
"Blog";"https://anfitriao-picarras.com.br/blog/decoracao-imoveis-temporada-encantar-hospedes/";"https://anfitriao-picarras.com.br/images/blog/decoracao-imoveis-temporada-encantar-hospedes.avif";"decoracao-imoveis-temporada-encantar-hospedes.md"
"Blog";"https://anfitriao-picarras.com.br/blog/descobrindo-o-litoral-norte-de-sc-cidades-vizinhas/";"https://anfitriao-picarras.com.br/images/blog/litoral-norte-de-sc-de-picarras-as-cidades-vizinhas.avif";"descobrindo-o-litoral-norte-de-sc-cidades-vizinhas.md"
"Blog";"https://anfitriao-picarras.com.br/blog/descubra-o-que-e-um-airbnb-e-como-ele-pode-transformar-suas-viagens/";"https://anfitriao-picarras.com.br/images/blog/mala.avif";"descubra-o-que-e-um-airbnb-e-como-ele-pode-transformar-suas-viagens.md"
"Blog";"https://anfitriao-picarras.com.br/blog/desvendando-o-airbnb-dicas-de-um-anfitriao-de-temporada-em-picarras-para-o-sucesso/";"https://anfitriao-picarras.com.br/images/blog/desvendando-o-airbnb-dicas-de-um-anfitriao-de-temporada-em-picarras-para-o-sucesso.avif";"desvendando-o-airbnb-dicas-de-um-anfitriao-de-temporada-em-picarras-para-o-sucesso.md"
"Blog";"https://anfitriao-picarras.com.br/blog/dicas-de-decoracao-para-quartos-pequenos-no-aluguel-de-temporada/";"https://anfitriao-picarras.com.br/images/blog/dicas-de-decoracao-para-quartos-pequenos-no-aluguel-de-temporada.avif";"dicas-de-decoracao-para-quartos-pequenos-no-aluguel-de-temporada.md"
"Blog";"https://anfitriao-picarras.com.br/blog/dicas-essenciais-para-anfitrioes-de-airbnb-em-picarras/";"https://anfitriao-picarras.com.br/images/blog/Dicas-Essenciais-para-Anfitrioes-de-Airbnb-.avif";"dicas-essenciais-para-anfitrioes-de-airbnb-em-picarras.md"
"Blog";"https://anfitriao-picarras.com.br/blog/dicas-essenciais-para-o-proprietario-de-aluguel-de-temporada-em-picarras/";"https://anfitriao-picarras.com.br/images/blog/Guia-Completo-para-Ser-um-Anfitriao-de-Sucesso-em-Picarras-1-1.avif";"dicas-essenciais-para-o-proprietario-de-aluguel-de-temporada-em-picarras.md"
"Blog";"https://anfitriao-picarras.com.br/blog/dicas-para-viajantes-economize-tempo-e-dinheiro/";"https://anfitriao-picarras.com.br/images/blog/econo.avif";"dicas-para-viajantes-economize-tempo-e-dinheiro.md"
"Blog";"https://anfitriao-picarras.com.br/blog/ecoturismo-em-balneario-picarras-trilhas-da-regiao/";"https://anfitriao-picarras.com.br/images/blog/ecoturismo-em-balneario-picarras-trilhas.avif";"ecoturismo-em-balneario-picarras-trilhas-da-regiao.md"
"Blog";"https://anfitriao-picarras.com.br/blog/ecoturismo-observacao-de-passaros-e-baleias-em-diferentes-epocas/";"https://anfitriao-picarras.com.br/images/blog/ecoturismo-observacao-de-passaros-e-baleias-em-diferentes-epocas.avif";"ecoturismo-observacao-de-passaros-e-baleias-em-diferentes-epocas.md"
"Blog";"https://anfitriao-picarras.com.br/blog/esportes-aquaticos-em-picarras-surf-stand-up-e-jet-ski/";"https://anfitriao-picarras.com.br/images/blog/esportes-aquaticos-em-picarras-surf-e-jet-ski.avif";"esportes-aquaticos-em-picarras-surf-stand-up-e-jet-ski.md"
"Blog";"https://anfitriao-picarras.com.br/blog/estacionamento-nas-ruas-de-picarras-como-funciona-na-alta-temporada/";"https://anfitriao-picarras.com.br/images/blog/estacionamento-nas-ruas-de-picarras-como-funciona-na-alta-temporada.avif";"estacionamento-nas-ruas-de-picarras-como-funciona-na-alta-temporada.md"
"Blog";"https://anfitriao-picarras.com.br/blog/estrategias-avancadas-para-maximizar-reservas-em-seu-aluguel-de-temporada-em-picarras/";"https://anfitriao-picarras.com.br/images/blog/estrategias-avancadas-para-maximizar-reservas-em-seu-aluguel-de-temporada-em-picarras.avif";"estrategias-avancadas-para-maximizar-reservas-em-seu-aluguel-de-temporada-em-picarras.md"
"Blog";"https://anfitriao-picarras.com.br/blog/explorando-as-profundezas-a-experiencia-do-museu-oceanografico-da-univali/";"https://anfitriao-picarras.com.br/images/blog/blog-1920por800-e1709640544208.avif";"explorando-as-profundezas-a-experiencia-do-museu-oceanografico-da-univali.md"
"Blog";"https://anfitriao-picarras.com.br/blog/festas-culturais-e-tradicionais-que-acontecem-ao-longo-do-ano-em-picarras/";"https://anfitriao-picarras.com.br/images/blog/festas-culturais-e-tradicionais-que-acontecem-ao-longo-do-ano-em-picarras.avif";"festas-culturais-e-tradicionais-que-acontecem-ao-longo-do-ano-em-picarras.md"
"Blog";"https://anfitriao-picarras.com.br/blog/festivais-gastronomicos-balneario-picarras-calendario/";"https://anfitriao-picarras.com.br/images/blog/festivais-gastronomicos-balneario-picarras-regiao.avif";"festivais-gastronomicos-balneario-picarras-calendario.md"
"Blog";"https://anfitriao-picarras.com.br/blog/ganhe-dinheiro-com-aluguel-de-temporada-em-picarras/";"https://anfitriao-picarras.com.br/images/blog/ganhe-dinheiro-com-aluguel-de-temporada-em-picarras.avif";"ganhe-dinheiro-com-aluguel-de-temporada-em-picarras.md"
"Blog";"https://anfitriao-picarras.com.br/blog/gastronomia-de-picarras/";"https://anfitriao-picarras.com.br/images/blog/gastronomia-de-picarras.avif";"gastronomia-de-picarras.md"
"Blog";"https://anfitriao-picarras.com.br/blog/gestao-profissional-airbnb-balneario-picarras/";"https://anfitriao-picarras.com.br/images/blog/gestao-profissional-airbnb-balneario-picarras.avif";"gestao-profissional-airbnb-balneario-picarras.md"
"Blog";"https://anfitriao-picarras.com.br/blog/guia-completo-para-ser-um-anfitriao-de-sucesso-em-picarras/";"https://anfitriao-picarras.com.br/images/blog/Guia-Completo-para-Ser-um-Anfitriao-de-Sucesso-em-Picarras-1.avif";"guia-completo-para-ser-um-anfitriao-de-sucesso-em-picarras.md"
"Blog";"https://anfitriao-picarras.com.br/blog/guia-de-ferias-em-familia-melhores-programas-com-criancas-em-picarras/";"https://anfitriao-picarras.com.br/images/blog/ferias-familia-picarras.avif";"guia-de-ferias-em-familia-melhores-programas-com-criancas-em-picarras.md"
"Blog";"https://anfitriao-picarras.com.br/blog/guia-de-supermercados-em-balneario-picarras-para-quem-faz-mercado/";"https://anfitriao-picarras.com.br/images/blog/guia-de-supermercados-em-balneario-picarras-para-quem-faz-mercado.avif";"guia-de-supermercados-em-balneario-picarras-para-quem-faz-mercado.md"
"Blog";"https://anfitriao-picarras.com.br/blog/guia-pet-friendly-balneario-picarras/";"https://anfitriao-picarras.com.br/images/blog/guia-pet-friendly-balneario-picarras.avif";"guia-pet-friendly-balneario-picarras.md"
"Blog";"https://anfitriao-picarras.com.br/blog/guia-pratico-de-viagem-para-balneario-picarras-com-bebes/";"https://anfitriao-picarras.com.br/images/blog/guia-pratico-de-viagem-para-balneario-picarras-com-bebes.avif";"guia-pratico-de-viagem-para-balneario-picarras-com-bebes.md"
"Blog";"https://anfitriao-picarras.com.br/blog/guia-proprietario-lucrar-aluguel-temporada-picarras/";"https://anfitriao-picarras.com.br/images/blog/guia-proprietario-lucrar-aluguel-temporada-picarras.avif";"guia-proprietario-lucrar-aluguel-temporada-picarras.md"
"Blog";"https://anfitriao-picarras.com.br/blog/guia-rapido-preparacao-para-receber-hospedes-no-airbnb/";"https://anfitriao-picarras.com.br/images/blog/8-feed.avif";"guia-rapido-preparacao-para-receber-hospedes-no-airbnb.md"
"Blog";"https://anfitriao-picarras.com.br/blog/hora-de-tirar-ferias/";"https://anfitriao-picarras.com.br/images/blog/ferias-em-picarras.avif";"hora-de-tirar-ferias.md"
"Blog";"https://anfitriao-picarras.com.br/blog/hospedagem-picarras/";"https://anfitriao-picarras.com.br/images/airbnb_picarras_hero.png";"hospedagem-picarras.md"
"Blog";"https://anfitriao-picarras.com.br/blog/hospedar-em-picarras-ou-penha-qual-e-a-melhor-opcao/";"https://anfitriao-picarras.com.br/images/blog/hospedar-em-picarras-ou-penha-qual-e-a-melhor-opcao.avif";"hospedar-em-picarras-ou-penha-qual-e-a-melhor-opcao.md"
"Blog";"https://anfitriao-picarras.com.br/blog/ilhas-de-picarras-ilha-feia-e-ilhas-itacolomi/";"https://anfitriao-picarras.com.br/images/blog/ilhas-de-picarras-ilha-feia-itacolomi.avif";"ilhas-de-picarras-ilha-feia-e-ilhas-itacolomi.md"
"Blog";"https://anfitriao-picarras.com.br/blog/ilhas-itacolomi-como-visitar-e-o-que-fazer-nesse-paraiso-em-picarras/";"https://anfitriao-picarras.com.br/images/blog/ilhas-itacolomi-como-visitar-e-o-que-fazer-nesse-paraiso-em-picarras.avif";"ilhas-itacolomi-como-visitar-e-o-que-fazer-nesse-paraiso-em-picarras.md"
"Blog";"https://anfitriao-picarras.com.br/blog/imoveis-temporada-em-balneario-picarras/";"https://anfitriao-picarras.com.br/images/blog/imoveis-temporada-picarras.avif";"imoveis-temporada-em-balneario-picarras.md"
"Blog";"https://anfitriao-picarras.com.br/blog/imovel-de-temporada-em-picarras-a-melhor-opcao-para-quem-busca-privacidade-e-conforto/";"https://anfitriao-picarras.com.br/images/blog/imovel-de-temporada-em-picarras-a-melhor-opcao-para-quem-busca-privacidade-e-conforto.avif";"imovel-de-temporada-em-picarras-a-melhor-opcao-para-quem-busca-privacidade-e-conforto.md"
"Blog";"https://anfitriao-picarras.com.br/blog/investimento-imoveis-balneario-picarras-crescimento/";"https://anfitriao-picarras.com.br/images/blog/investimento-imoveis-balneario-picarras-crescimento.avif";"investimento-imoveis-balneario-picarras-crescimento.md"
"Blog";"https://anfitriao-picarras.com.br/blog/investir-em-aluguel-de-temporada-em-picarras-e-um-bom-negocio/";"https://anfitriao-picarras.com.br/images/blog/investir-em-aluguel-de-temporada-em-picarras-e-um-bom-negocio.avif";"investir-em-aluguel-de-temporada-em-picarras-e-um-bom-negocio.md"
"Blog";"https://anfitriao-picarras.com.br/blog/locacao-por-temporada-conheca-seus-direitos-e-evite-problemas-legais/";"https://anfitriao-picarras.com.br/images/blog/Guia-Completo-para-Ser-um-Anfitriao-de-Sucesso-em-Picarras-1-1.avif";"locacao-por-temporada-conheca-seus-direitos-e-evite-problemas-legais.md"
"Blog";"https://anfitriao-picarras.com.br/blog/locacao-por-temporada-entenda-seus-direitos-como-anfitriao-em-picarras/";"https://anfitriao-picarras.com.br/images/blog/aircover-para-anfitrioes.avif";"locacao-por-temporada-entenda-seus-direitos-como-anfitriao-em-picarras.md"
"Blog";"https://anfitriao-picarras.com.br/blog/lojas-de-artigos-de-praia-e-brinquedos-na-cidade-de-picarras/";"https://anfitriao-picarras.com.br/images/blog/lojas-de-artigos-de-praia-e-brinquedos-na-cidade-de-picarras.avif";"lojas-de-artigos-de-praia-e-brinquedos-na-cidade-de-picarras.md"
"Blog";"https://anfitriao-picarras.com.br/blog/mantendo-se-disponivel-para-responder-as-mensagens-dos-hospedes/";"https://anfitriao-picarras.com.br/images/blog/28-feed-1.avif";"mantendo-se-disponivel-para-responder-as-mensagens-dos-hospedes.md"
"Blog";"https://anfitriao-picarras.com.br/blog/mapa-completo-das-praias-de-balneario-picarras-qual-escolher/";"https://anfitriao-picarras.com.br/images/blog/mapa-completo-das-praias-de-balneario-picarras-qual-escolher.avif";"mapa-completo-das-praias-de-balneario-picarras-qual-escolher.md"
"Blog";"https://anfitriao-picarras.com.br/blog/marina-park-o-melhor-local-para-sua-experiencia-nautica-em-balneario-picarras/";"https://anfitriao-picarras.com.br/images/blog/marina-park-o-melhor-local-para-sua-experiencia-nautica-em-balneario-picarras.avif";"marina-park-o-melhor-local-para-sua-experiencia-nautica-em-balneario-picarras.md"
"Blog";"https://anfitriao-picarras.com.br/blog/maximize-seus-lucros-com-a-gestao-de-temporada-em-balneario-picarras/";"https://anfitriao-picarras.com.br/images/blog/Guia-Completo-para-Ser-um-Anfitriao-de-Sucesso-em-Picarras-1-1.avif";"maximize-seus-lucros-com-a-gestao-de-temporada-em-balneario-picarras.md"
"Blog";"https://anfitriao-picarras.com.br/blog/melhor-epoca-visitar-balneario-picarras-clima/";"https://anfitriao-picarras.com.br/images/blog/melhor-epoca-visitar-balneario-picarras.avif";"melhor-epoca-visitar-balneario-picarras-clima.md"
"Blog";"https://anfitriao-picarras.com.br/blog/melhores-bairros-para-comprar-imovel-em-balneario-picarras/";"https://anfitriao-picarras.com.br/images/blog/melhores-bairros-para-comprar-imovel-em-balneario-picarras.avif";"melhores-bairros-para-comprar-imovel-em-balneario-picarras.md"
"Blog";"https://anfitriao-picarras.com.br/blog/melhores-bairros-se-hospedar-balneario-picarras/";"https://anfitriao-picarras.com.br/images/blog/melhores-bairros-se-hospedar-balneario-picarras.avif";"melhores-bairros-se-hospedar-balneario-picarras.md"
"Blog";"https://anfitriao-picarras.com.br/blog/melhores-frutos-do-mar-de-balneario-picarras-guia-atualizado/";"https://anfitriao-picarras.com.br/images/blog/melhores-frutos-do-mar-de-balneario-picarras-guia-atualizado.avif";"melhores-frutos-do-mar-de-balneario-picarras-guia-atualizado.md"
"Blog";"https://anfitriao-picarras.com.br/blog/melhores-sorveterias-balneario-picarras/";"https://anfitriao-picarras.com.br/images/blog/melhores-sorveterias-balneario-picarras.avif";"melhores-sorveterias-balneario-picarras.md"
"Blog";"https://anfitriao-picarras.com.br/blog/melhor-plataforma-aluguel/";"https://anfitriao-picarras.com.br/images/blog/Anfitriao-picarras-3.avif";"melhor-plataforma-aluguel.md"
"Blog";"https://anfitriao-picarras.com.br/blog/mensagem-de-boas-vindas-para-hospedes/";"https://anfitriao-picarras.com.br/images/blog/como-receber-bem-seus-hospedes-em-alugueis-de-temporada.avif";"mensagem-de-boas-vindas-para-hospedes.md"
"Blog";"https://anfitriao-picarras.com.br/blog/mercado-imobiliario-de-picarras-por-que-os-precos-estao-subindo/";"https://anfitriao-picarras.com.br/images/blog/mercado-imobiliario-de-picarras-por-que-os-precos-estao-subindo.avif";"mercado-imobiliario-de-picarras-por-que-os-precos-estao-subindo.md"
"Blog";"https://anfitriao-picarras.com.br/blog/mirantes-e-cenarios-instagramaveis-em-balneario-picarras/";"https://anfitriao-picarras.com.br/images/blog/cenarios-instagramaveis-em-picarras.avif";"mirantes-e-cenarios-instagramaveis-em-balneario-picarras.md"
"Blog";"https://anfitriao-picarras.com.br/blog/mitos-verdades-historia-balneario-picarras/";"https://anfitriao-picarras.com.br/images/blog/mitos-verdades-historia-picarras-nave.jpg";"mitos-verdades-historia-balneario-picarras.md"
"Blog";"https://anfitriao-picarras.com.br/blog/morar-no-litoral-balneario-picarras-vantagens/";"https://anfitriao-picarras.com.br/images/blog/morar-litoral-balneario-picarras-vantagens.avif";"morar-no-litoral-balneario-picarras-vantagens.md"
"Blog";"https://anfitriao-picarras.com.br/blog/museu-oceanografico-da-univali-por-que-vale-a-visita-proximo-a-picarras/";"https://anfitriao-picarras.com.br/images/blog/museu-oceanografico-da-univali-por-que-vale-a-visita-proximo-a-picarras.avif";"museu-oceanografico-da-univali-por-que-vale-a-visita-proximo-a-picarras.md"
"Blog";"https://anfitriao-picarras.com.br/blog/museu-oceanografico-univali-uma-viagem-ao-fundo-do-mar/";"https://anfitriao-picarras.com.br/images/blog/museu-oceanografico-picarras.jpg";"museu-oceanografico-univali-uma-viagem-ao-fundo-do-mar.md"
"Blog";"https://anfitriao-picarras.com.br/blog/novidades-do-mercado-de-aluguel-de-temporada-em-2025/";"https://anfitriao-picarras.com.br/images/blog/novidades-do-mercado-de-aluguel-de-temporada-em-2025.avif";"novidades-do-mercado-de-aluguel-de-temporada-em-2025.md"
"Blog";"https://anfitriao-picarras.com.br/blog/o-mercado-de-airbnb-no-brasil-em-2024-perspectivas-e-tendencias/";"https://anfitriao-picarras.com.br/images/blog/o-mercado-de-airbnb-no-brasil-em-2024-perspectivas-e-tendencias.avif";"o-mercado-de-airbnb-no-brasil-em-2024-perspectivas-e-tendencias.md"
"Blog";"https://anfitriao-picarras.com.br/blog/o-mercado-de-airbnb-no-brasil-em-2025-perspectivas-e-tendencias/";"https://anfitriao-picarras.com.br/images/blog/o-mercado-de-airbnb-no-brasil-em-2025-perspectivas-e-tendencias.avif";"o-mercado-de-airbnb-no-brasil-em-2025-perspectivas-e-tendencias.md"
"Blog";"https://anfitriao-picarras.com.br/blog/onde-comer-em-balneario-picarras-top-10-restaurantes-imperdiveis/";"https://anfitriao-picarras.com.br/images/blog/onde-comer-em-balneario-picarras-top-10-restaurantes-imperdiveis.avif";"onde-comer-em-balneario-picarras-top-10-restaurantes-imperdiveis.md"
"Blog";"https://anfitriao-picarras.com.br/blog/onde-comer-em-balneario-picarras-top-dicas/";"https://anfitriao-picarras.com.br/images/blog/onde-comer-em-balneario-picarras-restaurantes.avif";"onde-comer-em-balneario-picarras-top-dicas.md"
"Blog";"https://anfitriao-picarras.com.br/blog/onde-encontrar-os-melhores-frutos-do-mar-em-balneario-picarras/";"https://anfitriao-picarras.com.br/images/blog/melhores-frutos-do-mar-em-balneario-picarras.avif";"onde-encontrar-os-melhores-frutos-do-mar-em-balneario-picarras.md"
"Blog";"https://anfitriao-picarras.com.br/blog/onde-ficar-em-balneario-picarras-melhores-bairros-para-turistas/";"https://anfitriao-picarras.com.br/images/blog/onde-ficar-em-balneario-picarras-melhores-bairros-para-turistas.avif";"onde-ficar-em-balneario-picarras-melhores-bairros-para-turistas.md"
"Blog";"https://anfitriao-picarras.com.br/blog/onde-investir-em-um-imovel-para-alugar-por-temporada/";"https://anfitriao-picarras.com.br/images/blog/familia-1.avif";"onde-investir-em-um-imovel-para-alugar-por-temporada.md"
"Blog";"https://anfitriao-picarras.com.br/blog/onde-levar-os-filhos-para-jantar-em-picarras-espaco-kids/";"https://anfitriao-picarras.com.br/images/blog/onde-levar-os-filhos-para-jantar-em-picarras-espaco-kids.avif";"onde-levar-os-filhos-para-jantar-em-picarras-espaco-kids.md"
"Blog";"https://anfitriao-picarras.com.br/blog/o-que-e-a-bandeira-azul-e-por-que-balneario-picarras-e-referencia/";"https://anfitriao-picarras.com.br/images/blog/bandeira-azul-picarras.avif";"o-que-e-a-bandeira-azul-e-por-que-balneario-picarras-e-referencia.md"
"Blog";"https://anfitriao-picarras.com.br/blog/o-que-e-airbnb-guia-essencial-para-hospedes-e-anfitrioes/";"https://anfitriao-picarras.com.br/images/blog/alugar.avif";"o-que-e-airbnb-guia-essencial-para-hospedes-e-anfitrioes.md"
"Blog";"https://anfitriao-picarras.com.br/blog/o-que-e-um-airbnb-e-como-funciona-guia-completo-para-iniciantes/";"https://anfitriao-picarras.com.br/images/blog/o-que-e-um-airbnb-e-como-funciona-guia-completo-para-iniciantes.avif";"o-que-e-um-airbnb-e-como-funciona-guia-completo-para-iniciantes.md"
"Blog";"https://anfitriao-picarras.com.br/blog/o-que-fazer-de-graca-em-balneario-picarras-roteiro-economico/";"https://anfitriao-picarras.com.br/images/blog/o-que-fazer-de-graca-em-balneario-picarras-roteiro-economico.avif";"o-que-fazer-de-graca-em-balneario-picarras-roteiro-economico.md"
"Blog";"https://anfitriao-picarras.com.br/blog/o-que-fazer-em-balneario-picarras/";"https://anfitriao-picarras.com.br/images/blog/o-que-fazer-em-balneario-picarras.avif";"o-que-fazer-em-balneario-picarras.md"
"Blog";"https://anfitriao-picarras.com.br/blog/o-que-fazer-em-balneario-picarras-com-chuva-7-atracoes-imperdiveis/";"https://anfitriao-picarras.com.br/images/blog/o-que-fazer-em-balneario-picarras-com-chuva-7-atracoes-imperdiveis.avif";"o-que-fazer-em-balneario-picarras-com-chuva-7-atracoes-imperdiveis.md"
"Blog";"https://anfitriao-picarras.com.br/blog/o-que-fazer-em-balneario-picarras-durante-a-noite/";"https://anfitriao-picarras.com.br/images/blog/o-que-fazer-em-balneario-picarras-durante-a-noite.avif";"o-que-fazer-em-balneario-picarras-durante-a-noite.md"
"Blog";"https://anfitriao-picarras.com.br/blog/o-que-fazer-em-balneario-picarras-guia-completo-para-2026/";"https://anfitriao-picarras.com.br/images/blog/o-que-fazer-em-balneario-picarras-guia-completo.avif";"o-que-fazer-em-balneario-picarras-guia-completo-para-2026.md"
"Blog";"https://anfitriao-picarras.com.br/blog/o-que-fazer-em-balneario-picarras-roteiro-completo-de-3-dias/";"https://anfitriao-picarras.com.br/images/blog/o-que-fazer-em-balneario-picarras-roteiro-completo-de-3-dias.avif";"o-que-fazer-em-balneario-picarras-roteiro-completo-de-3-dias.md"
"Blog";"https://anfitriao-picarras.com.br/blog/o-que-fazer-em-picarras/";"https://anfitriao-picarras.com.br/images/blog/Bal-picarras-1.avif";"o-que-fazer-em-picarras.md"
"Blog";"https://anfitriao-picarras.com.br/blog/o-que-fazer-em-picarras-com-chuva/";"https://anfitriao-picarras.com.br/images/blog/o-que-fazer-em-picarras-com-chuva.avif";"o-que-fazer-em-picarras-com-chuva.md"
"Blog";"https://anfitriao-picarras.com.br/blog/o-que-levar-na-mala/";"https://anfitriao-picarras.com.br/images/blog/o-que-levar-na-mala.avif";"o-que-levar-na-mala.md"
"Blog";"https://anfitriao-picarras.com.br/blog/os-5-pontos-turisticos-de-balneario-picarras/";"https://anfitriao-picarras.com.br/images/blog/pontos-turisticos-balneario-picarras.avif";"os-5-pontos-turisticos-de-balneario-picarras.md"
"Blog";"https://anfitriao-picarras.com.br/blog/os-7-principais-desafios-legais-ao-alugar-um-imovel-por-temporada/";"https://anfitriao-picarras.com.br/images/blog/os-7-principais-desafios-legais-ao-alugar-um-imovel-por-temporada.avif";"os-7-principais-desafios-legais-ao-alugar-um-imovel-por-temporada.md"
"Blog";"https://anfitriao-picarras.com.br/blog/parquinhos-e-pracas-para-criancas-em-balneario-picarras/";"https://anfitriao-picarras.com.br/images/blog/parquinhos-e-pracas-para-criancas-em-balneario-picarras.avif";"parquinhos-e-pracas-para-criancas-em-balneario-picarras.md"
"Blog";"https://anfitriao-picarras.com.br/blog/passeio-de-barco-balneario-picarras/";"https://anfitriao-picarras.com.br/images/blog/passeio-de-barco-balneario-picarras.avif";"passeio-de-barco-balneario-picarras.md"
"Blog";"https://anfitriao-picarras.com.br/blog/passeio-pelo-molhe-de-balneario-picarras-vistas-e-dicas/";"https://anfitriao-picarras.com.br/images/blog/passeio-pelo-molhe-de-balneario-picarras-vistas-e-dicas.avif";"passeio-pelo-molhe-de-balneario-picarras-vistas-e-dicas.md"
"Blog";"https://anfitriao-picarras.com.br/blog/passo-a-passo-para-alugar-no-airbnb-tudo-o-que-voce-precisa-saber/";"https://anfitriao-picarras.com.br/images/blog/passo-a-passo-para-alugar-no-airbnb-tudo-o-que-voce-precisa-saber.avif";"passo-a-passo-para-alugar-no-airbnb-tudo-o-que-voce-precisa-saber.md"
"Blog";"https://anfitriao-picarras.com.br/blog/picarras-para-terceira-idade-rotas-calmas-e-acessiveis/";"https://anfitriao-picarras.com.br/images/blog/picarras-para-terceira-idade-rotas-calmas-e-acessiveis.avif";"picarras-para-terceira-idade-rotas-calmas-e-acessiveis.md"
"Blog";"https://anfitriao-picarras.com.br/blog/pizzarias-e-hamburguerias-em-balneario-picarras-para-um-lanche-noturno/";"https://anfitriao-picarras.com.br/images/blog/pizzarias-e-hamburguerias-em-balneario-picarras-para-um-lanche-noturno.avif";"pizzarias-e-hamburguerias-em-balneario-picarras-para-um-lanche-noturno.md"
"Blog";"https://anfitriao-picarras.com.br/blog/pizzarias-em-balneario-picarras-para-familias/";"https://anfitriao-picarras.com.br/images/blog/melhores-pizzarias-balneario-picarras-familia.avif";"pizzarias-em-balneario-picarras-para-familias.md"
"Blog";"https://anfitriao-picarras.com.br/blog/politicas-de-cancelamento-no-airbnb-qual-a-melhor-para-seu-perfil/";"https://anfitriao-picarras.com.br/images/blog/politicas-cancelamento-airbnb.avif";"politicas-de-cancelamento-no-airbnb-qual-a-melhor-para-seu-perfil.md"
"Blog";"https://anfitriao-picarras.com.br/blog/pontos-turisticos-de-balneario-picarras-que-voce-nao-pode-deixar-de-visitar/";"https://anfitriao-picarras.com.br/images/blog/pontos-turisticos-de-balneario-picarras-que-voce-nao-pode-deixar-de-visitar.avif";"pontos-turisticos-de-balneario-picarras-que-voce-nao-pode-deixar-de-visitar.md"
"Blog";"https://anfitriao-picarras.com.br/blog/por-que-escolher-aluguel-temporada-balneario-picarras/";"https://anfitriao-picarras.com.br/images/blog/por-que-escolher-aluguel-temporada-balneario-picarras.avif";"por-que-escolher-aluguel-temporada-balneario-picarras.md"
"Blog";"https://anfitriao-picarras.com.br/blog/por-que-escolher-um-airbnb-em-picarras/";"https://anfitriao-picarras.com.br/images/blog/por-que-escolher-um-airbnb-em-picarras.avif";"por-que-escolher-um-airbnb-em-picarras.md"
"Blog";"https://anfitriao-picarras.com.br/blog/por-que-fechar-um-airbnb-em-balneario-picarras-e-melhor-que-hotel/";"https://anfitriao-picarras.com.br/images/blog/por-que-fechar-um-airbnb-em-balneario-picarras-e-melhor-que-hotel.avif";"por-que-fechar-um-airbnb-em-balneario-picarras-e-melhor-que-hotel.md"
"Blog";"https://anfitriao-picarras.com.br/blog/por-que-ser-anfitriao-de-temporada-em-picarras-pode-mudar-a-sua-vida/";"https://anfitriao-picarras.com.br/images/blog/como-funciona-o-airbnb.avif";"por-que-ser-anfitriao-de-temporada-em-picarras-pode-mudar-a-sua-vida.md"
"Blog";"https://anfitriao-picarras.com.br/blog/pousada-ou-airbnb-em-picarras-qual-a-melhor-opcao/";"https://anfitriao-picarras.com.br/images/blog/pousada-ou-airbnb-em-picarras-qual-a-melhor-opcao.avif";"pousada-ou-airbnb-em-picarras-qual-a-melhor-opcao.md"
"Blog";"https://anfitriao-picarras.com.br/blog/praca-rippa-picarras-o-local-perfeito-para-comer-se-divertir-e-relaxar/";"https://anfitriao-picarras.com.br/images/blog/praca-rippa-picarras-o-local-perfeito-para-comer-se-divertir-e-relaxar.avif";"praca-rippa-picarras-o-local-perfeito-para-comer-se-divertir-e-relaxar.md"
"Blog";"https://anfitriao-picarras.com.br/blog/praca-rippa-ponto-de-encontro-gastronomico-balneario-picarras/";"https://anfitriao-picarras.com.br/images/blog/praca-rippa-picarras-gastronomia.avif";"praca-rippa-ponto-de-encontro-gastronomico-balneario-picarras.md"
"Blog";"https://anfitriao-picarras.com.br/blog/praia-de-balneario-picarras/";"https://anfitriao-picarras.com.br/images/blog/picarras-1.avif";"praia-de-balneario-picarras.md"
"Blog";"https://anfitriao-picarras.com.br/blog/praia-de-picarras-bandeira-azul-o-que-isso-significa/";"https://anfitriao-picarras.com.br/images/blog/praia-bandeira-azul-picarras.avif";"praia-de-picarras-bandeira-azul-o-que-isso-significa.md"
"Blog";"https://anfitriao-picarras.com.br/blog/praia-de-picarras-por-que-ela-possui-certificacao-bandeira-azul/";"https://anfitriao-picarras.com.br/images/blog/praia-de-picarras-por-que-ela-possui-certificacao-bandeira-azul.avif";"praia-de-picarras-por-que-ela-possui-certificacao-bandeira-azul.md"
"Blog";"https://anfitriao-picarras.com.br/blog/preparativos-essenciais-para-alugar-seu-espaco-no-airbnb/";"https://anfitriao-picarras.com.br/images/blog/3-feed.avif";"preparativos-essenciais-para-alugar-seu-espaco-no-airbnb.md"
"Blog";"https://anfitriao-picarras.com.br/blog/principais-vantagens-do-aluguel-de-temporada/";"https://anfitriao-picarras.com.br/images/blog/principais-vantagens-aluguel-temporada.avif";"principais-vantagens-do-aluguel-de-temporada.md"
"Blog";"https://anfitriao-picarras.com.br/blog/proprietario-aluguel-de-temporada-em-picarras/";"https://anfitriao-picarras.com.br/images/blog/freepik__descubra-como-transformar-seu-imvel-de-temporada-e__8275.avif";"proprietario-aluguel-de-temporada-em-picarras.md"
"Blog";"https://anfitriao-picarras.com.br/blog/quais-sao-as-principais-atracoes-turisticas-em-balneario-picarras/";"https://anfitriao-picarras.com.br/images/blog/Guia-Completo-para-Ser-um-Anfitriao-de-Sucesso-em-Picarras-1-1.avif";"quais-sao-as-principais-atracoes-turisticas-em-balneario-picarras.md"
"Blog";"https://anfitriao-picarras.com.br/blog/qual-e-o-aeroporto-mais-proximo-de-balneario-picarras/";"https://anfitriao-picarras.com.br/images/blog/qual-e-o-aeroporto-mais-proximo-de-balneario-picarras.avif";"qual-e-o-aeroporto-mais-proximo-de-balneario-picarras.md"
"Blog";"https://anfitriao-picarras.com.br/blog/quanto-cobrar-na-diaria-do-seu-imovel-de-airbnb/";"https://anfitriao-picarras.com.br/images/blog/como-aumentar-faturamento-airbnb-picarras.avif";"quanto-cobrar-na-diaria-do-seu-imovel-de-airbnb.md"
"Blog";"https://anfitriao-picarras.com.br/blog/restaurantes-com-vista-para-o-mar-balneario-picarras/";"https://anfitriao-picarras.com.br/images/blog/restaurantes-com-vista-para-o-mar-balneario-picarras.avif";"restaurantes-com-vista-para-o-mar-balneario-picarras.md"
"Blog";"https://anfitriao-picarras.com.br/blog/rota-do-hamburguer-melhores-hamburguerias-picarras/";"https://anfitriao-picarras.com.br/images/blog/melhores-hamburguerias-balneario-picarras.avif";"rota-do-hamburguer-melhores-hamburguerias-picarras.md"
"Blog";"https://anfitriao-picarras.com.br/blog/roteiro-3-dias-balneario-picarras-o-que-nao-pode-faltar/";"https://anfitriao-picarras.com.br/images/blog/roteiro-3-dias-balneario-picarras.avif";"roteiro-3-dias-balneario-picarras-o-que-nao-pode-faltar.md"
"Blog";"https://anfitriao-picarras.com.br/blog/roteiro-bate-e-volta-picarras-ao-beto-carrero/";"https://anfitriao-picarras.com.br/images/blog/roteiro-bate-e-volta-picarras-ao-beto-carrero.avif";"roteiro-bate-e-volta-picarras-ao-beto-carrero.md"
"Blog";"https://anfitriao-picarras.com.br/blog/roteiro-de-meio-dia-em-itajai-para-quem-esta-em-balneario-picarras/";"https://anfitriao-picarras.com.br/images/blog/roteiro-de-meio-dia-em-itajai-para-quem-esta-em-balneario-picarras.avif";"roteiro-de-meio-dia-em-itajai-para-quem-esta-em-balneario-picarras.md"
"Blog";"https://anfitriao-picarras.com.br/blog/roteiro-romantico-em-balneario-picarras-para-lua-de-mel/";"https://anfitriao-picarras.com.br/images/blog/roteiro-romantico-em-balneario-picarras-para-lua-de-mel.avif";"roteiro-romantico-em-balneario-picarras-para-lua-de-mel.md"
"Blog";"https://anfitriao-picarras.com.br/blog/seguranca-turistas-balneario-picarras-guia/";"https://anfitriao-picarras.com.br/images/blog/seguranca-turistas-balneario-picarras.avif";"seguranca-turistas-balneario-picarras-guia.md"
"Blog";"https://anfitriao-picarras.com.br/blog/semana-santa-e-feriados-de-pascoa-dicas-de-viagem-para-picarras/";"https://anfitriao-picarras.com.br/images/blog/semana-santa-e-feriados-de-pascoa-dicas-de-viagem-para-picarras.avif";"semana-santa-e-feriados-de-pascoa-dicas-de-viagem-para-picarras.md"
"Blog";"https://anfitriao-picarras.com.br/blog/supermercados-conveniencias-balneario-picarras-guia-hospedes/";"https://anfitriao-picarras.com.br/images/blog/supermercados-conveniencias-balneario-picarras.avif";"supermercados-conveniencias-balneario-picarras-guia-hospedes.md"
"Blog";"https://anfitriao-picarras.com.br/blog/taxas-de-servico-do-airbnb/";"https://anfitriao-picarras.com.br/images/blog/ganhe-dinheiro-com-aluguel-de-temporada-em-picarras.avif";"taxas-de-servico-do-airbnb.md"
"Blog";"https://anfitriao-picarras.com.br/blog/telefones-uteis-farmacias-hospitais-balneario-picarras/";"https://anfitriao-picarras.com.br/images/blog/telefones-uteis-hospitais-farmacias-balneario-picarras.avif";"telefones-uteis-farmacias-hospitais-balneario-picarras.md"
"Blog";"https://anfitriao-picarras.com.br/blog/transporte-mobilidade-balneario-picarras-guia/";"https://anfitriao-picarras.com.br/images/blog/transporte-mobilidade-balneario-picarras.avif";"transporte-mobilidade-balneario-picarras-guia.md"
"Blog";"https://anfitriao-picarras.com.br/blog/trilha-ecologica-morro-do-quininho-aventura-e-natureza-em-balneario-picarras/";"https://anfitriao-picarras.com.br/images/blog/trilha-ecologica-morro-do-quininho-aventura-e-natureza-em-balneario-picarras.avif";"trilha-ecologica-morro-do-quininho-aventura-e-natureza-em-balneario-picarras.md"
"Blog";"https://anfitriao-picarras.com.br/blog/trilhas-ecologicas-em-balneario-picarras-para-os-amantes-da-natureza/";"https://anfitriao-picarras.com.br/images/blog/trilhas-ecologicas-em-balneario-picarras-para-os-amantes-da-natureza.avif";"trilhas-ecologicas-em-balneario-picarras-para-os-amantes-da-natureza.md"
"Blog";"https://anfitriao-picarras.com.br/blog/tudo-sobre-a-legislacao-de-locacao-por-temporada-no-brasil/";"https://anfitriao-picarras.com.br/images/blog/os-7-principais-desafios-legais-ao-alugar-um-imovel-por-temporada.avif";"tudo-sobre-a-legislacao-de-locacao-por-temporada-no-brasil.md"
"Blog";"https://anfitriao-picarras.com.br/blog/tudo-sobre-o-airbnb-o-guia-definitivo-para-hospedes-e-anfitrioes/";"https://anfitriao-picarras.com.br/images/blog/tudo-sobre-o-airbnb-o-guia-definitivo-para-hospedes-e-anfitrioes.avif";"tudo-sobre-o-airbnb-o-guia-definitivo-para-hospedes-e-anfitrioes.md"
"Blog";"https://anfitriao-picarras.com.br/blog/turismo-de-experiencia-o-que-e-e-qual-a-sua-importancia/";"https://anfitriao-picarras.com.br/images/blog/turismo-de-experiencia-o-que-e-e-qual-a-sua-importancia.avif";"turismo-de-experiencia-o-que-e-e-qual-a-sua-importancia.md"
"Blog";"https://anfitriao-picarras.com.br/blog/uber-e-taxi-em-balneario-picarras-como-se-locomover-na-cidade/";"https://anfitriao-picarras.com.br/images/blog/uber-e-taxi-em-balneario-picarras-como-se-locomover-na-cidade.avif";"uber-e-taxi-em-balneario-picarras-como-se-locomover-na-cidade.md"
"Blog";"https://anfitriao-picarras.com.br/blog/valorizacao-imobiliaria-balneario-picarras-futuro/";"https://anfitriao-picarras.com.br/images/blog/valorizacao-imobiliaria-balneario-picarras-futuro.avif";"valorizacao-imobiliaria-balneario-picarras-futuro.md"
"Blog";"https://anfitriao-picarras.com.br/blog/viajando-com-criancas-por-que-escolher-um-imovel-de-temporada/";"https://anfitriao-picarras.com.br/images/blog/picarras.avif";"viajando-com-criancas-por-que-escolher-um-imovel-de-temporada.md"
"Blog";"https://anfitriao-picarras.com.br/blog/visita-bate-volta-ao-cristo-luz-em-balneario-camboriu-saindo-de-picarras/";"https://anfitriao-picarras.com.br/images/blog/visita-bate-volta-ao-cristo-luz-em-balneario-camboriu-saindo-de-picarras.avif";"visita-bate-volta-ao-cristo-luz-em-balneario-camboriu-saindo-de-picarras.md"
